{
  "project_info": {
    "project_number": "652711964005",
    "project_id": "movies-mobile2you",
    "storage_bucket": "movies-mobile2you.appspot.com"
  },
  "client": [
    {
      "client_info": {
        "mobilesdk_app_id": "1:652711964005:android:456b6da48863195fff058c",
        "android_client_info": {
          "package_name": "com.mobile2you.movies"
        }
      },
      "oauth_client": [
        {
          "client_id": "652711964005-a8ts3f7dhm81jjriedpugfh566mak8ha.apps.googleusercontent.com",
          "client_type": 1,
          "android_info": {
            "package_name": "com.mobile2you.movies",
            "certificate_hash": "06144f775aafe5dbe50f8ae3796351da4fe47627"
          }
        },
        {
          "client_id": "652711964005-890nhcqeigtnhu0a1biooe7jh91srfdv.apps.googleusercontent.com",
          "client_type": 3
        }
      ],
      "api_key": [
        {
          "current_key": "AIzaSyA3GggIe9JsQ_TI-n-Bzu1V8Mn46PHXAqA"
        }
      ],
      "services": {
        "appinvite_service": {
          "other_platform_oauth_client": [
            {
              "client_id": "652711964005-890nhcqeigtnhu0a1biooe7jh91srfdv.apps.googleusercontent.com",
              "client_type": 3
            }
          ]
        }
      }
    }
  ],
  "configuration_version": "1"
}